,Nom,Prix(€),Informations Supplementaires,Reference url
0,Aerocool Atomic Lite V2,79.99,Boitier PC Mini Tour - mATX / Mini-ITX - USB 3.0 - Avec fenêtre (pleine taille),https://www.topachat.com/pages/detail2_cat_est_micro_puis_rubrique_est_w_boi_sa_puis_ref_est_in20007717.html
1,Aerocool Blade - Noir,59.99,Boitier PC Moyen Tour - ATX / mATX / Mini-ITX - USB 3.0 - Avec fenêtre (pleine taille),https://www.topachat.com/pages/detail2_cat_est_micro_puis_rubrique_est_w_boi_sa_puis_ref_est_in20017156.html
2,Aerocool Bolt Mini - Noir,59.99,Boitier PC Mini Tour - mATX / Mini-ITX - USB 3.0 - Avec fenêtre (pleine taille),https://www.topachat.com/pages/detail2_cat_est_micro_puis_rubrique_est_w_boi_sa_puis_ref_est_in11021581.html
3,Aerocool Bolt RGB - Noir,39.99,Boitier PC Moyen Tour - ATX / mATX / Mini-ITX - USB 3.0 - Avec fenêtre (pleine taille),https://www.topachat.com/pages/detail2_cat_est_micro_puis_rubrique_est_w_boi_sa_puis_ref_est_in10118856.html
4,Aerocool CS-106,34.99,Boitier PC Mini Tour - mATX / Mini-ITX - USB 3.0,https://www.topachat.com/pages/detail2_cat_est_micro_puis_rubrique_est_w_boi_sa_puis_ref_est_in20008872.html
5,Aerocool CS-107-A V2,49.99,Boitier PC Mini Tour - mATX / Mini-ITX - USB 3.0 - Avec fenêtre (pleine taille),https://www.topachat.com/pages/detail2_cat_est_micro_puis_rubrique_est_w_boi_sa_puis_ref_est_in20014829.html
6,Aerocool Cylon Mini - Blanc,44.99,Boitier PC Mini Tour - mATX / Mini-ITX - USB 3.0 - Avec fenêtre (pleine taille),https://www.topachat.com/pages/detail2_cat_est_micro_puis_rubrique_est_w_boi_sa_puis_ref_est_in20016622.html
7,Aerocool Cylon Mini - Noir,44.99,Boitier PC Mini Tour - mATX / Mini-ITX - USB 3.0 - Avec fenêtre (pleine taille),https://www.topachat.com/pages/detail2_cat_est_micro_puis_rubrique_est_w_boi_sa_puis_ref_est_in10116103.html
8,Aerocool Cylon Pro RGB - Blanc,69.99,Boitier PC Moyen Tour - ATX / mATX / Mini-ITX - USB 3.0 - Avec fenêtre (pleine taille),https://www.topachat.com/pages/detail2_cat_est_micro_puis_rubrique_est_w_boi_sa_puis_ref_est_in11018498.html
9,Aerocool Cylon Pro RGB - Noir,69.99,Boitier PC Moyen Tour - ATX / mATX / Mini-ITX - USB 3.0 - Avec fenêtre (pleine taille),https://www.topachat.com/pages/detail2_cat_est_micro_puis_rubrique_est_w_boi_sa_puis_ref_est_in11017630.html
10,Aerocool Cylon RGB - Blanc,64.99,Boitier PC Moyen Tour - ATX / mATX / Mini-ITX - USB 3.0 - Avec fenêtre (pleine taille),https://www.topachat.com/pages/detail2_cat_est_micro_puis_rubrique_est_w_boi_sa_puis_ref_est_in10113487.html
11,Aerocool Cylon RGB - Noir,64.99,Boitier PC Moyen Tour - ATX / mATX / Mini-ITX - USB 3.0 - Avec fenêtre (pleine taille),https://www.topachat.com/pages/detail2_cat_est_micro_puis_rubrique_est_w_boi_sa_puis_ref_est_in10110550.html
12,Aerocool Graphite ARGB,94.99,Boitier PC Moyen Tour - ATX / mATX / Mini-ITX - USB 3.0 - Avec fenêtre (pleine taille),https://www.topachat.com/pages/detail2_cat_est_micro_puis_rubrique_est_w_boi_sa_puis_ref_est_in20010290.html
13,Aerocool Playa,74.99,Boitier PC Moyen Tour - ATX / mATX / Mini-ITX - USB 3.0 - Avec fenêtre (pleine taille),https://www.topachat.com/pages/detail2_cat_est_micro_puis_rubrique_est_w_boi_sa_puis_ref_est_in20003430.html
14,Aerocool Prism G V2,109.99,Boitier PC Moyen Tour - ATX / mATX / Mini-ITX - USB 3.0 - Avec fenêtre (pleine taille),https://www.topachat.com/pages/detail2_cat_est_micro_puis_rubrique_est_w_boi_sa_puis_ref_est_in20013739.html
15,Aerocool Rift - Blanc,54.99,Boitier PC Moyen Tour - ATX / mATX / Mini-ITX - USB 3.0 - Avec fenêtre (pleine taille),https://www.topachat.com/pages/detail2_cat_est_micro_puis_rubrique_est_w_boi_sa_puis_ref_est_in20003435.html
16,Aerocool Rift - Noir,54.99,Boitier PC Moyen Tour - ATX / mATX / Mini-ITX - USB 3.0 - Avec fenêtre (pleine taille),https://www.topachat.com/pages/detail2_cat_est_micro_puis_rubrique_est_w_boi_sa_puis_ref_est_in20017073.html
17,Aerocool Rift Tempered Glass - Blanc,59.99,Boitier PC Moyen Tour - ATX / mATX / Mini-ITX - USB 3.0 - Avec fenêtre (pleine taille),https://www.topachat.com/pages/detail2_cat_est_micro_puis_rubrique_est_w_boi_sa_puis_ref_est_in20015358.html
18,Aerocool Rift Tempered Glass - Noir,59.99,Boitier PC Moyen Tour - ATX / mATX / Mini-ITX - USB 3.0 - Avec fenêtre (pleine taille),https://www.topachat.com/pages/detail2_cat_est_micro_puis_rubrique_est_w_boi_sa_puis_ref_est_in10117018.html
19,Aerocool SI-5100 Mesh,62.99,Boitier PC Moyen Tour - ATX / micro-ATX / Mini-ITX - USB 3.0,https://www.topachat.com/pages/detail2_cat_est_micro_puis_rubrique_est_w_boi_sa_puis_ref_est_in20015202.html
20,Aerocool Skribble,89.99,Boitier PC Moyen Tour - ATX / micro-ATX / Mini-ITX - USB 3.0 - Avec fenêtre (pleine taille),https://www.topachat.com/pages/detail2_cat_est_micro_puis_rubrique_est_w_boi_sa_puis_ref_est_in20015203.html
21,Aerocool Split,42.99,Boitier PC Moyen Tour - ATX / mATX / Mini-ITX - USB 3.0 - Avec fenêtre (pleine taille),https://www.topachat.com/pages/detail2_cat_est_micro_puis_rubrique_est_w_boi_sa_puis_ref_est_in20003425.html
22,Aerocool Tomahawk-A,54.99,Boitier PC Moyen Tour - ATX / mATX / Mini-ITX - USB 3.0 - Avec fenêtre (pleine taille),https://www.topachat.com/pages/detail2_cat_est_micro_puis_rubrique_est_w_boi_sa_puis_ref_est_in11021587.html
23,Aerocool Trinity Mini V2,59.99,Boitier PC Mini Tour - mATX / Mini-ITX - USB 3.0 - Avec fenêtre (pleine taille),https://www.topachat.com/pages/detail2_cat_est_micro_puis_rubrique_est_w_boi_sa_puis_ref_est_in20007715.html
24,Antec AX20,52.99,Boitier PC Moyen Tour - ATX / mATX / Mini-ITX - USB 3.0 - Avec fenêtre (pleine taille),https://www.topachat.com/pages/detail2_cat_est_micro_puis_rubrique_est_w_boi_sa_puis_ref_est_in20015566.html
25,Antec DF700 FLUX,114.99,Boitier PC Moyen Tour - ATX / mATX / Mini-ITX - USB 3.0 - Avec fenêtre (pleine taille),https://www.topachat.com/pages/detail2_cat_est_micro_puis_rubrique_est_w_boi_sa_puis_ref_est_in20008035.html
26,Antec DF700 FLUX - Blanc,114.99,Boitier PC Moyen Tour - ATX / mATX / Mini-ITX - USB 3.0 - Avec fenêtre (pleine taille),https://www.topachat.com/pages/detail2_cat_est_micro_puis_rubrique_est_w_boi_sa_puis_ref_est_in20013572.html
27,Antec DF800 FLUX,114.99,Boitier PC Moyen Tour - ATX / mATX / Mini-ITX - USB 3.0 - Avec fenêtre (pleine taille),https://www.topachat.com/pages/detail2_cat_est_micro_puis_rubrique_est_w_boi_sa_puis_ref_est_in20012264.html
28,Antec NX100,54.99,Boitier PC Moyen Tour - ATX / mATX / Mini-ITX - USB 3.0 - Avec fenêtre (pleine taille),https://www.topachat.com/pages/detail2_cat_est_micro_puis_rubrique_est_w_boi_sa_puis_ref_est_in20001362.html
29,Antec NX210,69.99,Boitier PC Moyen Tour - ATX / mATX / Mini-ITX - USB 3.0 - Avec fenêtre (pleine taille),https://www.topachat.com/pages/detail2_cat_est_micro_puis_rubrique_est_w_boi_sa_puis_ref_est_in20002683.html
30,Antec P101 Silent,139.99,Boitier PC Moyen Tour - E-ATX / ATX / mATX / Mini-ITX - USB 3.0,https://www.topachat.com/pages/detail2_cat_est_micro_puis_rubrique_est_w_boi_sa_puis_ref_est_in20002684.html
31,Antec P10C,104.99,Boitier PC Moyen Tour - ATX / mATX / Mini-ITX - USB 3.1 Type C,https://www.topachat.com/pages/detail2_cat_est_micro_puis_rubrique_est_w_boi_sa_puis_ref_est_in20013573.html
32,Antec P20C,119.99,Boitier PC Moyen Tour - E-ATX / ATX / mATX / Mini-ITX - USB 3.1 Type C - Avec fenêtre (pleine taille),https://www.topachat.com/pages/detail2_cat_est_micro_puis_rubrique_est_w_boi_sa_puis_ref_est_in20015653.html
33,Antec P20CE,119.99,Boitier PC Moyen Tour - E-ATX / ATX / mATX / Mini-ITX - USB 3.1 Type C,https://www.topachat.com/pages/detail2_cat_est_micro_puis_rubrique_est_w_boi_sa_puis_ref_est_in20015556.html
34,Antec P7 Silent,84.99,Boitier PC Moyen Tour - ATX / mATX / Mini-ITX - USB 3.0,https://www.topachat.com/pages/detail2_cat_est_micro_puis_rubrique_est_w_boi_sa_puis_ref_est_in20001353.html
35,Asus ROG Strix Helios,399.99,Boitier PC Moyen Tour - E-ATX / ATX / mATX / Mini-ITX - USB 3.1 - Avec fenêtre (pleine taille),https://www.topachat.com/pages/detail2_cat_est_micro_puis_rubrique_est_w_boi_sa_puis_ref_est_in10119313.html
36,be quiet! Dark Base 700 - Noir,239.99,Boitier PC Moyen Tour - E-ATX / ATX / mATX / Mini-ITX - USB 3.1 Type C - Avec fenêtre (pleine taille),https://www.topachat.com/pages/detail2_cat_est_micro_puis_rubrique_est_w_boi_sa_puis_ref_est_in10108646.html
37,be quiet! Dark Base 900 - Noir/Orange,264.99,Boitier PC Grand Tour - XL-ATX / E-ATX / ATX / mATX / Mini-ITX - USB 3.0,https://www.topachat.com/pages/detail2_cat_est_micro_puis_rubrique_est_w_boi_sa_puis_ref_est_in10098810.html
38,be quiet! Pure Base 500 - Blanc,104.99,Boitier PC Moyen Tour - ATX / mATX / Mini-ITX - USB 3.0,https://www.topachat.com/pages/detail2_cat_est_micro_puis_rubrique_est_w_boi_sa_puis_ref_est_in11018434.html
39,be quiet! Pure Base 500 - Blanc (Version fenêtre),114.99,Boitier PC Moyen Tour - ATX / mATX / Mini-ITX - USB 3.0 - Avec fenêtre (pleine taille),https://www.topachat.com/pages/detail2_cat_est_micro_puis_rubrique_est_w_boi_sa_puis_ref_est_in11018441.html
40,be quiet! Pure Base 500 - Gris,104.99,Boitier PC Moyen Tour - ATX / mATX / Mini-ITX - USB 3.0,https://www.topachat.com/pages/detail2_cat_est_micro_puis_rubrique_est_w_boi_sa_puis_ref_est_in11018435.html
41,be quiet! Pure Base 500 - Gris métallique (Version fenêtre),114.99,Boitier PC Moyen Tour - ATX / mATX / Mini-ITX - USB 3.0 - Avec fenêtre (pleine taille),https://www.topachat.com/pages/detail2_cat_est_micro_puis_rubrique_est_w_boi_sa_puis_ref_est_in11018442.html
42,be quiet! Pure Base 500 - Noir,104.99,Boitier PC Moyen Tour - ATX / mATX / Mini-ITX - USB 3.0,https://www.topachat.com/pages/detail2_cat_est_micro_puis_rubrique_est_w_boi_sa_puis_ref_est_in11018433.html
43,be quiet! Pure Base 500 - Noir (Version fenêtre),114.99,Boitier PC Moyen Tour - ATX / mATX / Mini-ITX - USB 3.0 - Avec fenêtre (pleine taille),https://www.topachat.com/pages/detail2_cat_est_micro_puis_rubrique_est_w_boi_sa_puis_ref_est_in11018436.html
44,be quiet! Pure Base 500 FX - Noir,164.99,Boitier PC Moyen Tour - ATX / mATX / Mini-ITX - USB 3.2 Type C - Avec fenêtre (pleine taille),https://www.topachat.com/pages/detail2_cat_est_micro_puis_rubrique_est_w_boi_sa_puis_ref_est_in20015216.html
45,be quiet! Pure Base 500DX - Blanc,129.99,Boitier PC Moyen Tour - ATX / mATX / Mini-ITX - USB 3.1 - Avec fenêtre (pleine taille),https://www.topachat.com/pages/detail2_cat_est_micro_puis_rubrique_est_w_boi_sa_puis_ref_est_in20001673.html
46,be quiet! Pure Base 500DX - Noir,129.99,Boitier PC Moyen Tour - ATX / mATX / Mini-ITX - USB 3.1 - Avec fenêtre (pleine taille),https://www.topachat.com/pages/detail2_cat_est_micro_puis_rubrique_est_w_boi_sa_puis_ref_est_in20001672.html
47,be quiet! Pure Base 600 - Noir,114.99,Boitier PC Moyen Tour - ATX / mATX / Mini-ITX - USB 3.0,https://www.topachat.com/pages/detail2_cat_est_micro_puis_rubrique_est_w_boi_sa_puis_ref_est_in10102437.html
48,be quiet! Pure Base 600 - Noir (Version fenêtre),129.99,Boitier PC Moyen Tour - ATX / mATX / Mini-ITX - USB 3.0 - Avec fenêtre (pleine taille),https://www.topachat.com/pages/detail2_cat_est_micro_puis_rubrique_est_w_boi_sa_puis_ref_est_in10102970.html
49,be quiet! Pure Base 600 - Noir/Argent,114.99,Boitier PC Moyen Tour - ATX / mATX / Mini-ITX - USB 3.0,https://www.topachat.com/pages/detail2_cat_est_micro_puis_rubrique_est_w_boi_sa_puis_ref_est_in10102438.html
